[
  {
    "sigla": "ATP2023",
    "titulo": "Algoritmos e Técnicas de Programação",
    "docentes": [
      {
        "nome": "José Carlos Ramalho",
        "foto": "jcr-keep.jpeg",
        "categoria": "Professor/Investigador/Empresário",
        "filiacao": "Dep. Informática - Universidade do Minho",
        "email": "jcr@di.uminho.pt",
        "webpage": "http://www.di.uminho.pt/~jcr"
      },
      {
        "nome": "Luís Filipe Cunha",
        "foto": "lfc-di.jpeg",
        "categoria": "Professor Convidado",
        "filiacao": "Dep. Informática - Universidade do Minho",
        "email": "lfc@di.uminho.pt",
        "webpage": ""
      }
    ],
    "horario": {
      "teoricas": ["quinta das 14h às 16h, sala Ed.1 - 0.04"],
      "praticas": [
        "Turno 1: segunda das 14h às 16h, sala Ed. 7 - 1.09",
        "Turno 2: terça das 14h às 16h, sala Ed. 7 - 1.09",
        "Turno 3: terça das 16h às 18h, sala Ed. 7 - 1.09"
      ]
    },
    "avaliacao": [
      "8 Trabalhos de casa (20%)",
      "1 Projeto em grupo até 3 elementos (30%)[nota mínima de 10 val.]",
      "1 Teste escrito (40%)[nota mínima de 10 val.]"
    ],
    "datas": {
      "teste": "7 de Dezembro (17h-20h); salas Ed.2: 0.01 e 0.05",
      "exame": "16 de Janeiro (14h-17h); sala Ed.2: 1.15",
      "projeto": "primeira semana de Janeiro"
    },
    "aulas": [
      {
        "tipo": "T",
        "data": "2023-09-14",
        "sumario": ["Apresentação da disciplina."]
      },
      {
        "tipo": "T",
        "data": "2023-09-21",
        "sumario": [
          "Introdução à arquitetura dum computador: canais de entrada e saída, unidade central de processamento e unidades de armazenamento.",
          "Tipos de dados: inteiros e reais.",
          "Operações e operadores sobre tipos numéricos.",
          "Operações de IO: input e print.",
          "[Slides apresentados na aula.](./aulas-ex-feitos/ATP2023.pdf)"
        ]
      },
      {
        "tipo": "T",
        "data": "2023-09-28",
        "sumario": [
          "Tipos de dados estruturados: listas e strings.",
          "Principais métodos e operações.",
          "[Notebook criado durante a aula.](./aulas-ex-feitos/AulaT3-20230928.ipynb.zip)"
        ]
      },
      {
        "tipo": "T",
        "data": "2023-10-12",
        "sumario": [
          "Tipos de dados estruturados: listas e tuplos.",
          "Principais métodos e operações.",
          "Leitura e escrita de ficheiros.",
          "[Notebook criado durante a aula.](./aulas-ex-feitos/AulaT4.zip)"
        ]
      },
      {
        "tipo": "T",
        "data": "2023-10-19",
        "sumario": [
          "Tipos de dados estruturados: dicionários.",
          "Principais métodos e operações.",
          "Criação de distribuições.",
          "Criação de gráficos com a biblioteca matplotlib.",
          "[Notebook criado durante a aula.](./aulas-ex-feitos/AulaT5-20231019.ipynb.zip)"
        ]
      },
      {
        "tipo": "T",
        "data": "2023-10-26",
        "sumario": [
          "Tipos de dados estruturados: dicionários e listas.",
          "Processamento de datasets em ficheiro.",
          "O formato JSON e a respetiva biblioteca Python.",
          "Criação de gráficos com a biblioteca matplotlib para distribuições.",
          "[Notebook criado durante a aula.](./aulas-ex-feitos/AulaT6-20231026.ipynb.zip)",
          "[Dataset dos EMD em JSON.](./aulas-ex-feitos/datasets/emd.json)",
          "[Dataset dos EMD em CSV.](./aulas-ex-feitos/datasets/emd.csv)"
        ]
      },
      {
        "tipo": "T",
        "data": "2023-11-02",
        "sumario": [
          "Introdução à especificação de algoritmos recursivos: Fibonacci e Factorial.",
          "Conversão de algoritmos iterativos em recursivos e vice-versa."
        ]
      },
      {
        "tipo": "T",
        "data": "2023-11-09",
        "sumario": [
          "Apresentação do projeto e respetivo kit.",
          "[Kit para o projeto.](./aulas-ex-feitos/projeto-2023.zip)",
          "Desenvolvimento de uma aplicação para gerir uma pequena base de dados de EMD: 1) Operações CRUD sobre o modelo; 2) Cálculo de algumas distribuições e sua visualização gráfica, ... 3) Configuração e manipulação de gráficos com o matplotlib.",
          "[Material base da aula.](./aulas-ex-feitos/AulaT8-20231109.ipynb.zip)"
        ]
      },
      {
        "tipo": "T",
        "data": "2023-11-16",
        "sumario": [
          "Introdução à utilização de interfaces gráficas para programas em Python.",
          "O módulo PySimpleGUI: estrutura, componentes disponíveis, modelo de comportamento.",
          "[Material base da aula.](./aulas-ex-feitos/AulaT9-20231116.ipynb.zip)"
        ]
      },
      {
        "tipo": "P",
        "data": "2023-09-11/12",
        "sumario": [
          "Instalação do ambiente de trabalho: VS Code, Python, ...",
          "Resolução de exercícios com [programação visual](https://blockly.games)."
        ]
      },
      {
        "tipo": "P",
        "data": "2023-09-18/19",
        "sumario": [
          "Resolução de exercícios de programação visual em Scratch 3.",
          "[Guião para a aula prática](./aulas-ex-feitos/AulaP2-20230918.pdf).",
          "[Explorando_o_Scratch_1.4](./aulas-ex-feitos/biblio/Explorando_o_Scratch_1.4_.pdf).",
          "[Manual do Scratch](./aulas-ex-feitos/biblio/manual-scratch.pdf).",
          "[Manual Apoio 1](./aulas-ex-feitos/biblio/ManualApoio1.pdf).",
          "[Manual Apoio 2](./aulas-ex-feitos/biblio/ManualApoio2.pdf).",
          "[Scratch3 Comunidad atenea](./aulas-ex-feitos/biblio/Scratch3-Comunidadatenea.pdf).",
          "Algumas soluções do TP1: [Quadrado](./aulas-ex-feitos/P2-soluções/quadrado.sb3), [Poligono](./aulas-ex-feitos/P2-soluções/poligono.sb3), [Movimento](./aulas-ex-feitos/P2-soluções/movimento-sprite.sb3), [Par ou Ímpar](./aulas-ex-feitos/P2-soluções/parOuImpar.sb3), [Divisores](./aulas-ex-feitos/P2-soluções/divisores.sb3)."
        ]
      },
      {
        "tipo": "P",
        "data": "2023-09-25/26",
        "sumario": [
          "[Guião para a aula prática](./aulas-ex-feitos/AulaP3-20230925.ipynb.zip)."
        ]
      },
      {
        "tipo": "P",
        "data": "2023-10-02/03",
        "sumario": [
          "Resolução de exercícios sobre modelação e operações com listas.",
          "[Guião para a aula prática](./aulas-ex-feitos/AulaP4-20231002.ipynb.zip)."
        ]
      },
      {
        "tipo": "P",
        "data": "2023-10-09/10",
        "sumario": [
          "Resolução de exercícios sobre modelação e operações com listas e listas de listas.",
          "[Guião para a aula prática](./aulas-ex-feitos/AulaP5-20231009.ipynb.zip)."
        ]
      },
      {
        "tipo": "P",
        "data": "2023-10-16/17",
        "sumario": [
          "Resolução de exercícios sobre modelação e operações sobre ficheiros, listas e tuplos.",
          "[Guião para a aula prática](./aulas-ex-feitos/AulaP6-20231016.ipynb.zip).",
          "[Dataset para o TPC](./aulas-ex-feitos/datasets/diabetes_prediction_dataset.csv.zip)."
        ]
      },
      {
        "tipo": "P",
        "data": "2023-10-23/24",
        "sumario": [
          "Resolução de exercícios sobre modelação e operações sobre ficheiros e estruturas de dados.",
          "[Guião para a aula prática](./aulas-ex-feitos/AulaP7-20231023.ipynb.zip)."
        ]
      },
      {
        "tipo": "P",
        "data": "2023-10-30/31",
        "sumario": [
          "Resolução de exercícios visando a aferição de conhecimentos.",
          "[Guião para a aula prática](./aulas-ex-feitos/AulaP8-20231030.ipynb.zip)."
        ]
      },
      {
        "tipo": "P",
        "data": "2023-11-06/07",
        "sumario": [
          "Resolução de exercícios com algoritmos recursivos.",
          "[Guião para a aula prática](./aulas-ex-feitos/AulaP9-20231106.ipynb.zip)."
        ]
      },
      {
        "tipo": "P",
        "data": "2023-11-13/14",
        "sumario": [
          "Resolução de exercícios com algoritmos sobre strings, listas e dicionários.",
          "[Guião para a aula prática](./aulas-ex-feitos/AulaP10-20231113.ipynb.zip)."
        ]
      },
      {
        "tipo": "P",
        "data": "2023-11-20/21",
        "sumario": [
          "Resolução de exercícios com algoritmos sobre interfaces gráficas.",
          "[Guião para a aula prática](./aulas-ex-feitos/AulaP11-20231120.ipynb.zip)."
        ]
      },
      {
        "tipo": "T",
        "data": "2023-11-23",
        "sumario": [
          "Alguns algoritmos envolvendo tipos estruturados de dados.",
          "Módulo OS e a manipulação do sistema de ficheiros a partir de uma aplicação.",
          "[Guião para a aula prática](./aulas-ex-feitos/AulaT10-20231123.ipynb.zip)."
        ]
      },
      {
        "tipo": "P",
        "data": "2023-11-27/28",
        "sumario": [
          "Resolução de exercícios com algoritmos cobrindo toda a matéria.",
          "[Guião para a aula prática](./aulas-ex-feitos/AulaP12-20231127.ipynb.zip)."
        ]
      },
      {
        "tipo": "T",
        "data": "2023-11-30",
        "sumario": [
          "Funções de ordem superior (FOS).",
          "As funções map, filter e reduce.",
          "Introdução à construção de catamorfismos: abstração sobre o modelo.",
          "[Guião para a aula prática](./aulas-ex-feitos/AulaT11-20231130.ipynb.zip)."
        ]
      },
      {
        "tipo": "P",
        "data": "2023-12-04/05",
        "sumario": [
          "Resolução de exercícios com algoritmos cobrindo toda a matéria com particular incidência em dicionários.",
          "[Guião para a aula prática](./aulas-ex-feitos/AulaP13-20231204.ipynb.zip)."
        ]
      },
      {
        "tipo": "T",
        "data": "2023-12-07",
        "sumario": [
          "Teste de avaliação (17h-20h) nas salas do Ed.2: 0.01 e 0.05."
        ]
      },
      {
        "tipo": "P",
        "data": "2023-12-11/12",
        "sumario": [
          "Resolução do teste de avaliação.",
          "[Teste em PDF](./aulas-ex-feitos/atp2023-normal.pdf)."
        ]
      },
      {
        "tipo": "T",
        "data": "2023-12-14",
        "sumario": [
          "Classes, objetos e instâncias em Python.",
          "Estrutura de uma classe: atributos e métodos.",
          "Construção e visualização de classes.",
          "Implementação de alguns exemplos: stock e lista de compras."
        ]
      }
    ]
  },
  {
    "sigla": "ENGWEB2024",
    "titulo": "Engenharia Web",
    "docentes": [
      {
        "nome": "José Carlos Ramalho",
        "foto": "jcr-keep.jpeg",
        "categoria": "Professor/Investigador/Empresário",
        "filiacao": "Dep. Informática - Universidade do Minho",
        "email": "jcr@di.uminho.pt",
        "webpage": "http://www.di.uminho.pt/~jcr"
      },
      {
        "nome": "Tiago Manuel Queirós Barata",
        "foto": "tiago.jpg",
        "categoria": "Professor Convidado",
        "filiacao": "Dep. Informática - Universidade do Minho",
        "email": "d13753@di.uminho.pt"
      }
    ],
    "horario": {
      "teoricas": ["segunda das 14h às 16h, sala Ed.2 - 0.05"],
      "praticas": [
        "Turno 1: segunda das 16h às 18h, sala Ed.1 - 1.20",
        "Turno 3: segunda das 16h às 18h, sala Ed.1 - 2.25",
        "Turno 2: terça das 13h às 15h, sala Ed.1 - 2.17"
      ]
    },
    "avaliacao": [
      "8 Trabalhos de casa (20%)",
      "1 Projeto em grupo até 3 elementos (35%)[nota mínima de 10 val.]",
      "1 Teste escrito (45%)[nota mínima de 10 val.]"
    ],
    "datas": {
      "teste": "???",
      "exame": "???",
      "projeto": "???"
    },
    "aulas": [
      {
        "tipo": "T",
        "data": "2024-02-05",
        "sumario": [
          "Apresentação da disciplina.",
          "Introdução ao HTML.",
          "Introdução ao CSS: o W3.css.",
          "Breve introdução às linguagens de amotação: MD, CSV, JSON, XML, HTML.",
          "Alguns exercícios."
        ]
      },
      {
        "tipo": "P",
        "data": "2024-02-05",
        "sumario": [
          "Criação dum repositório Git para a UC: EngWeb2024",
          "Criação de subpastas no repositório: TPC1...TPC8, Teste e Projeto",
          "Criação de um README.md na pasta principal com: 1. Pequena introdução textual; 2. Nome, id e foto do dono.",
          "Acrescentar um README.md na pasta TPC1 com o manifesto do trabalho: Título/Descrição, Data de início e data de fim, Resumo do trabalho, Lista de resultados.",
          "Análise do dataset emd.json sobre Exames Médicos Desportivos;",
          "Definir a estrutura de um website de exploração do dataset: Página principal - lista de dados consultáveis; Listagem dos EMD: Data, nome, modalidade, resultado; Listagem das modalidades: lista alfabética de modalidades; Listagem dos clubes: ...",
          "Página do EMD: página com toda a informação do EMD;",
          "Página da modalidade: nome da modalidade e lista de EMD associados a essa modalidade;",
          "Página do clube: idem...",
          "Criar uma ou várias scripts em Python para gerar o website a partir do dataset.",
          "TPC1: ",
          "[No site da UC](https://epl.di.uminho.pt/~jcr/AULAS/EngWeb2024):",
          "Descarregar o material: link do aviso da página principal;",
          "Construir um website com a lista das ruas na página principal;",
          "Cada alunos deverá depois construir a página de duas ruas à escolha (pode fazer mais se quiser) e estas devem estar ligadas à página principal (devem incluir toda a informação, fotos inclusive)."
        ]
      },
      {
        "tipo": "T",
        "data": "2024-02-19",
        "sumario": [
          "Introdução à criação de API de dados.",
          "O módulo [json-server](https://docs.google.com/presentation/d/1aOXUJdPVV0us7d0Ynd3dZkU-MY3Ndqo_fkNPL-sv_VU/edit?usp=sharing) e a sua utilização na construção rápida de API.",
          "Introdução à [criação de serviços com o nodejs](https://docs.google.com/presentation/d/1wvMG2xCzzV_DOD6Z3sJ4BJtTXHUwY3I-USS_6-OEaQk/edit?usp=sharing)."
        ]
      },
      {
        "tipo": "P",
        "data": "2024-02-19",
        "sumario": [""]
      },
      {
        "tipo": "T",
        "data": "2024-02-26",
        "sumario": [
          "[Tutorial](https://docs.google.com/presentation/d/1qXOXaIR_6MjjgsikXKYnu_0h4JE-ON5YcweAFwqsWAs/edit?usp=sharing) sobre o npm.",
          "Exemplo: criação de um serviço sobre o dataset de alunos.",
          "Utilização do módulo axios para fazer pedidos: GET, POST, PUT, DELETE.",
          "Criação de um serviço sobre o dataset de alunos servido pelo json-server."
        ]
      },
      {
        "tipo": "P",
        "data": "2024-02-26",
        "sumario": [
          "Implementação do caso de estudo: [mordidas de animais no estado do Louisiana nos EUA](https://drive.google.com/file/d/1vzsYAVV0C_bpGYY0OUscP3_qzZCzUsug/view?usp=sharing).",
          "1. Preparar o dataset para o json-server;",
          "2. Colocar o json-server a servir as coleções;",
          "3. Testar com alguns pedidos via browser ou Postman;",
          "4. Criar um serviço para servir a página principal: /mordidas;",
          "5. Criar um serviço para servir as outras páginas: /mordidas/id;",
          "6. Acrescentar estilo às páginas com o w3.css e preparar o serviço para servir a folha de estilo."
        ]
      },
      {
        "tipo": "T",
        "data": "2024-03-04",
        "sumario": [
          "[Tutorial](https://docs.google.com/presentation/d/1qXOXaIR_6MjjgsikXKYnu_0h4JE-ON5YcweAFwqsWAs/edit?usp=sharing) sobre o npm.",
          "Fluxo das operações de CRUD;",
          "HTML Forms: estrutura, criação;",
          "Envio de informação com HTML Forms: GET e POST;",
          "Recuperação da informação do body do pedido;",
          "Tratamento de recursos estáticos: detetar e servir.",
          "Apresentação de um exemplo."
        ]
      },
      {
        "tipo": "P",
        "data": "2024-03-04",
        "sumario": [
          "Identificação das páginas web que irão compor a App de gestão de alunos da UC (operações de CRUD): 1)Formulários de criação e de alteração de aluno (Create e Update); 2) Formulário ou Botão para apagar aluno (Delete); 3) Página de Listagem  de alunos (Retrieve); 4) Página de Consulta de aluno (Retrieve).",
          "Criação dos formulários e das páginas de resposta a estes;",
          "Criar um módulo templates.js com as templates das páginas;",
          "Programação do serviço principal.",
          "Material para a aula: [Esqueleto do serviço](./semana4/alunos_server_skeleton.js), [Módulo static](./semana4/static.js), [Pasta public](./semana4/public), [Templates das páginas HTML](./semana4/templates.js)."
        ]
      },
      {
        "tipo": "T",
        "data": "2024-03-18",
        "sumario": [
          "[Tutorial sobre MongoDB e a sua linguagem de query](https://docs.google.com/presentation/d/1uGek1QZNOiZFXamjNK_Fifrp-CK9MPe21jqpjtdqs-4/edit?usp=sharing);",
          "Como montar uma API de dados sobre o MongoDB: ORM e mongoose."
        ]
      },
      {
        "tipo": "P",
        "data": "2024-03-18",
        "sumario": [
          "Substituição da API de dados montada com o json-server por uma API de dados contruída sobre o MongoDB: App de Gestão de Alunos."
        ]
      },
      {
        "tipo": "P",
        "data": "2024-04-02",
        "sumario": ["Continuação da aula anterior."]
      },
      {
        "tipo": "T",
        "data": "2024-04-08",
        "sumario": [
          "Introdução à programação do lado do cliente;",
          "A framework jQuery;",
          "Apresentação e análise de vários exemplos."
        ]
      },
      {
        "tipo": "P",
        "data": "2024-04-08",
        "sumario": ["Resolução de uma ficha de aferição."]
      }
    ]
  },
  {
    "sigla": "RPCW2024",
    "titulo": "Representação e Processamento de Conhecimento na Web",
    "docentes": [
      {
        "nome": "José Carlos Ramalho",
        "foto": "jcr-keep.jpeg",
        "categoria": "Professor/Investigador/Empresário",
        "filiacao": "Dep. Informática - Universidade do Minho",
        "email": "jcr@di.uminho.pt",
        "webpage": "http://www.di.uminho.pt/~jcr"
      }
    ],
    "horario": {
      "teoricas": ["terça das 16h às 17h, sala Ed.1 - 1.25"],
      "praticas": ["terça das 17h às 19h, sala Ed.1 - 1.25"]
    },
    "avaliacao": [
      "8 Trabalhos de casa (20%)",
      "1 Projeto em grupo até 3 elementos (35%)[nota mínima de 10 val.]",
      "1 Teste escrito (45%)[nota mínima de 10 val.]"
    ],
    "datas": {
      "teste": "???",
      "exame": "???",
      "projeto": "???"
    },
    "aulas": [
      {
        "tipo": "T",
        "data": "2024-02-06",
        "sumario": [
          "Apresentação da disciplina: [Link para o documento na cloud](https://docs.google.com/presentation/d/1Kt1WXyC-CCoMRcdaMINL93P9uFr6D616bi4JwpzBDuk/edit?usp=sharing)",
          "Introdução ao conceito de Ontologia: [Link para o documento na cloud](https://docs.google.com/presentation/d/1oIBC0F6Lc5rlEoRIDu-rqIE98ZOBNRNw3vChWtTO-EU/edit?usp=sharing)",
          "Mapeamento de um modelo em JSON para uma Ontologia OWL.",
          "Criação de ontologias com o Protégé."
        ]
      },
      {
        "tipo": "TP",
        "data": "2024-02-06",
        "sumario": [
          "Desenvolvimento de ontologias com o Protégé.",
          "Processamento de ontologias no formato Turtle: TTL.",
          "Resolução de alguns exercícios.",
          "TPC1: 1) Descarregar o [dataset plantas.json](./datasets/plantas.json); 2) Analisá-lo; 3) Converter para TTL."
        ]
      },
      {
        "tipo": "T",
        "data": "2024-02-20",
        "sumario": [
          "Desenvolvimento de ontologias com o Protégé: a tutorial da Pizza."
        ]
      },
      {
        "tipo": "TP",
        "data": "2024-02-20",
        "sumario": [
          "Resolução de alguns exercícios.",
          "TPC2: 1) Descarregar o [dataset db.json](./datasets/db.json) correspondente a uma escola de música; 2) Analisá-lo; 3) Criar o modelo ontológico; 4) Povoar o modelo com os dados."
        ]
      },
      {
        "tipo": "T",
        "data": "2024-02-27",
        "sumario": ["Introdução ao SPARQL."]
      },
      {
        "tipo": "TP",
        "data": "2024-02-27",
        "sumario": [
          "Resolução de alguns exercícios: História de Portugal.",
          "TPC3: 1) Descarregar o [dataset mapa-virtual.json](./datasets/mapa-virtual.json) correspondente a um mapa com ligações entre cidades; 2) Analisá-lo; 3) Criar o modelo ontológico; 4) Povoar o modelo com os dados."
        ]
      },
      {
        "tipo": "T",
        "data": "2024-03-05",
        "sumario": [
          "[Tutorial do GraphDB](https://docs.google.com/presentation/d/16TjEwAGemjgGQ1c3inpaUBcB5vIwcZuvw-1f2DR-OO8/edit?usp=sharing), resolvendo as queries SPARQL pedidas;",
          "Explicação sobre a API REST do GraphDB: Help/REST;",
          "Como criar um serviço web usando a API do GraphDB."
        ]
      },
      {
        "tipo": "TP",
        "data": "2024-03-05",
        "sumario": [
          "Criação de uma [App web para a Tabela Periódica](./apps/tabperiodica.zip).",
          "TPC4: Tabela Periódica (completar a App desenvolvida na aula)",
          "- elementos.html",
          "1. Acrescentar c/ o grupo;",
          "2. Grupo é link para página de grupo;",
          "3. O na ou o nome são links para a página do elemento;",
          "- grupos.html",
          "1. lista os grupos",
          "- grupo.html",
          "1. inform. do grupo;",
          "2. lista de lementos.",
          "- elemento.html",
          "1. inform. do elemento."
        ]
      },
      {
        "tipo": "T",
        "data": "2024-03-12",
        "sumario": [
          "Introdução à Linked Open Data: a DBPedia e outros.",
          "[Tutorial sobre a DBpedia: queries SPARQL](https://docs.google.com/presentation/d/1JUllfe5QK2HMu_squPbLjXN88Nz3FedR72wber6USJ8/edit?usp=sharing);",
          "Como extrair informação da DBPedia através de um programa em Python."
        ]
      },
      {
        "tipo": "TP",
        "data": "2024-03-12",
        "sumario": [
          "Extração de um dataset da DBPedia sobre modalidades desportivas e respetivos atletas.",
          "TPC5: Cinema (colheita de um dataset da DBPedia)",
          "- Filmes:",
          "- Toda a informação relacionada com o filme: título, data de lançamento, realização, produção, elenco...",
          "- Atores, Produtores, Escritores, Músicos:",
          "- nome e outros dados pessoais, lista de filmes",
          "- Outras categorias que achar interessantes."
        ]
      },
      {
        "tipo": "T",
        "data": "2024-03-19",
        "sumario": [
          "Introdução ao processamento de ontologias em Python com o RDFLib."
        ]
      },
      {
        "tipo": "TP",
        "data": "2024-03-19",
        "sumario": [
          "Especificação no Protégé de uma ontologia sobre cinema (usando todo o conhecimento adquirido no TPC5.",
          "Conversão em Python usando o RDFLib de alguns indivíduos extraídos no TPC5 para a nova ontologia em TTL.",
          "TPC6: Construção de um megarepositório sobre cinema",
          "1. Conversão do dataset do TPC5 para o formato da nova ontologia;",
          "2. Importação do TTL obtido no [repositório criado pelo docente](http://epl.di.uminho.pt:7200/repositories/cinema2024);",
          "3. Criação de um frontend web com o flask para explorar o repositório."
        ]
      },
      {
        "tipo": "T",
        "data": "2024-04-02",
        "sumario": [
          "Introdução ao protocolo OAIpmh.",
          "Harvesting de alguns repositórios.",
          "Introdução ao processamento de XML em Python."
        ]
      },
      {
        "tipo": "TP",
        "data": "2024-04-02",
        "sumario": ["Harvesting do repositorium."]
      }
    ]
  }
]
